nAcid,nBase,nAtom,AATS0dv,AATS0Z,AATS0v,AATS0p,AATS1p,AATS3p,AATS0i,AATS1i,AATS3i,AATS4i,ATSC1c,ATSC2c,ATSC5c,ATSC6c,ATSC7c,ATSC1dv,ATSC2dv,ATSC5dv,ATSC6dv,ATSC7dv,ATSC8dv,ATSC2d,ATSC5d,ATSC6d,ATSC7d,ATSC1Z,ATSC2Z,ATSC3Z,ATSC5Z,ATSC6Z,ATSC8Z,ATSC3v,ATSC5v,ATSC6v,ATSC7v,ATSC6se,ATSC7se,ATSC6pe,ATSC7pe,ATSC5p,ATSC6p,ATSC5i,ATSC6i,AATSC0c,AATSC1c,AATSC2c,AATSC3c,AATSC5c,AATSC1dv,AATSC2dv,AATSC3dv,AATSC4dv,AATSC5dv,AATSC2d,AATSC3d,AATSC4d,AATSC5d,AATSC2Z,AATSC5Z,AATSC5v,AATSC2se,AATSC3se,AATSC5p,AATSC0i,AATSC4i,AATSC5i,MATS2c,MATS3c,MATS2dv,MATS2d,MATS5d,MATS1Z,MATS2se,MATS2pe,GATS5c,GATS1dv,GATS3dv,GATS1d,GATS3Z,GATS2se,GATS3pe,GATS1are,GATS1p,BalabanJ,nBondsD,RPCG,C1SP2,C2SP2,C1SP3,HybRatio,Xch-5d,Xc-3dv,AXp-1d,AXp-3d,NssCH2,NsNH2,SssCH2,SdsCH,SdssC,SssssC,IC0,IC1,SIC0,SIC1,CIC1,CIC2,CIC3,MIC0,MIC1,MIC2,ZMIC4,PEOE_VSA7,PEOE_VSA8,PEOE_VSA9,SMR_VSA6,SlogP_VSA1,EState_VSA5,VSA_EState5,VSA_EState6,VSA_EState8,nRot,RotRatio,JGI2,JGI3,JGI6,JGT10,TopoShapeIndex,B03[C-C],B05[C-C],B06[O-O],F02[C-N]
-0.18080290692780673,-0.4502229108624285,-0.08990621923709526,0.5491565793914547,0.5233276906463794,0.6277318004650748,0.021095029650314644,0.36469922199104554,0.30882440575411585,-0.4404263433548789,-0.14597771422979347,-0.20705918498804066,-0.5629866013160073,-0.038146444614589485,-0.25349507598910587,-0.45026961998687187,0.3103138814203291,0.35491816441878093,-0.17354445095593354,0.0069948588691004674,-0.3517299685806622,-1.4639974951308241,-0.04672432737691043,1.1632116580972618,-0.48695435885535776,-0.867833333591023,-0.17604381893003482,0.5014007859147315,-0.49912330312145103,0.07462846256768181,0.26662906225000105,-0.010318647066455687,-1.1047592372254176,0.9884685925871669,0.20146920420534997,-0.39253723929916484,-1.5414768760905206,0.2790867178101355,-0.10803181872791076,-0.48936492828496414,-0.5965023729831336,-0.887222238863488,-0.5098643252987486,-1.4570813913951088,-0.40404743404051796,-1.173397008404742,0.2641374069066262,-0.36862948205982865,-0.9758074442418997,0.6228970049651467,-0.4324877393458058,-0.2227500807776728,-0.1698800718902924,0.690937565263103,-0.372856662203399,-0.6048683627926283,-0.5228972904943863,-0.4057815869908477,-0.24592439817538725,-1.4004382890008198,0.020650339151628717,-0.49345193446335245,-0.5178161657104282,-0.8078861585346796,0.8144488111852952,-0.5090568723020821,0.09998902417122858,-0.23481599652804036,-0.5949723715288502,-1.0956359883096825,0.5085214093612284,0.29127863330650144,-0.01720189314277792,-1.1818136913665749,-0.5103837376134724,-0.5457644883078148,-0.22864907753716635,0.3168631891236773,-0.6217277446638118,-0.05453279878254368,-0.5612038238629191,-0.14780508551241184,-0.13897848190141743,-0.33509852553880615,-0.3017015118585053,-0.7565753706124716,0.7210354999339699,1.288814195574233,-0.4292821562486014,-0.49964852258908193,2.911127637053069,-0.07462306296951558,-1.232052465003245,-0.20412414523193148,-0.24285151692524218,-0.1161447796951453,-0.25693778275960255,0.12237668110110703,-0.2944409705025282,-0.7356687909479422,-0.4128512616753106,-2.911127637053069,0.2041241452319315,0.1998228928730001,0.4765293496284211,-0.04243486802036932,0.4418968157820949,-0.30090747014420133,-0.7226151313712643,-0.7318276320073309,-0.12438821217827627,0.8191840568684274,0.8368484142883215,-0.345468074528642,-0.36778625329236275,-0.2614881801423402,-0.4649864358921707,0.036063975147896214,-0.3505507653057284,-0.3530315402677953,-1.059087033602284,0.29444097050252827,-0.7482298138178833,0.6200437242417768,0.5168203824882149,0.7405709546778518,0.24344028645358068,0.416983297106627,0.25318650796349446,0.1729332800638262,0.5291148315967185,0.9324428678326026,0.7551019777915584,-0.4312540912499864
-0.4331118256455531,-0.6927223785813957,-0.39217223082500374,0.7819128017761697,0.4659498477579479,0.7780651041258436,-0.22520744850553523,0.3964698950755955,-0.3443126929778409,-0.6001913655119722,-0.2442799341583617,0.357773266547062,-0.10670112621940031,0.13928558606429464,0.06834580405350021,-0.02925499644469745,0.047023821289292604,0.22423994506567502,-0.47852521779803137,-0.2013447582638248,0.7657586979846774,-0.36909003069538043,-0.1813398855793389,-0.4105361061031873,-0.5095408123090234,0.4692435162889588,0.48777514916437986,0.07967587236476342,0.3521454312654557,-0.20191059023535737,0.33741536225481666,0.527476864363476,-0.1682329077225907,-0.2386849831395498,0.450070181167154,-0.17899767871004074,0.5524224700660794,0.04310321911822327,-0.11719640870315362,-0.01906139275953735,-0.29371012606808683,-0.022335441280966508,-0.6354485198660423,1.0157619368240074,-0.43523680670096637,1.1483694424256217,0.04560055171880542,-0.4994822454966883,-0.9517132328707152,0.5629778673735232,-0.13419419414395997,-0.9637680382508342,-1.613158011612381,0.939492143363264,-0.14870522649199266,0.05285058101219763,-1.3328833234878772,-0.6125987564671012,0.03541252410842424,1.1484181487244935,-1.0216526373324923,-0.2755114876892811,-0.4665975069671555,-1.2617445373563054,0.8140947205246769,-0.6589005881102172,0.09286527423817675,0.11348533115869212,-0.6776709520455583,-1.2326634196685988,0.5814103741890528,-0.1159688861871568,-0.9306305039956244,0.6006389206426987,-0.5941955750990585,-0.8254619446542062,-0.5743725245986281,0.427546848949082,-0.7413385120871546,-0.5563977715352361,-0.12814881953121932,0.28306500019917763,-0.06928312736535785,-0.026824978676327837,-1.0716841343261692,-0.6559222219235437,0.7956606041149742,1.517211649090682,-0.14438374804001197,1.8959265870437878,-0.478910091850172,-0.8991372367837599,-1.8964875344661662,-0.20412414523193148,-0.6328405266425439,0.1410469541774515,-0.015351189983624619,-0.848612767271048,-0.2944409705025282,-0.16920244934153153,4.173038839599278,0.47891009185017197,0.2041241452319315,0.18991165669996685,0.9731280324981151,0.6112553847046046,1.4958253582169394,-1.2004249127617104,-1.1468860223156196,-1.0632278248991447,-0.370538779491638,0.6790225191618255,0.5992002734252563,-0.7367186734374335,-0.36778625329236275,-0.2614881801423402,-0.7138124655746495,-0.7929008578727809,-0.6324749566712382,-0.3530315402677953,0.3990506970573224,0.29444097050252827,-0.16223661107174034,0.26149704426573744,0.5296034506834701,1.0490027482031787,0.04456599475700354,-0.711603480925581,-0.006041893905352951,1.2070189927783856,0.5291148315967185,-0.8898558142079599,0.9550445980819688,-0.5751688753887036
-0.6133324786285431,-0.8659362809770935,-0.0626340979661747,0.935903473615176,0.4249656750039244,0.8854460333792498,-0.4011377868786711,0.6524759124531426,-0.14185199300280887,-0.7143092364272066,-0.2705331615330711,0.27706362794066114,-0.531302784279119,-0.21041836108517156,-0.24286748975904204,0.02531066951136605,-0.11387203658401847,0.32806160961725944,-1.075136210913086,-0.6511787145738354,0.9185064780406815,-0.4409856763354265,-0.1813398855793389,-0.4105361061031873,-1.1972882168919814,-0.738450672024495,0.35729693766639276,0.5768351313297979,-0.40298707989597415,-0.6393153612963055,0.5672841150670263,0.572339888684748,-0.8869369538044048,0.17871419211074113,0.5451905875197448,-0.2696742114169112,-1.0841974608814842,0.6642604369366022,-0.06260985178765431,0.14894905084846197,-0.35732382719695693,-0.015651164271259333,-0.7886408819077095,-1.1875409500672844,-0.50393576526273,-0.8049570617184197,0.005031980583509875,-0.7602211106335766,-0.9386718081460284,0.6008524155399508,-0.07392589402239537,-1.2449690323116915,-1.4420516504333858,1.08283247858814,-0.2019863070133529,0.17991874105696812,-1.2390618172600332,-0.43317472866566314,-0.11923717366615129,-1.268964087049575,-0.9747382885272997,-0.24879648258006998,-0.51798148641786,-1.3211448168602342,0.9123840854578248,-0.8044297247108276,0.08777688152043046,0.1709995558815381,-0.7815413687749743,-1.2123544219339233,0.6165737003983769,0.0987041516903879,-0.5826833257774946,-1.1112347581298236,-0.6821170875162921,-0.6877641958842097,-0.36355429438385817,0.592714783598662,-0.7011166609112842,-0.5331794872011376,-0.3284948283122797,0.43118919997899563,-0.2850319120797634,0.07234648624968877,-0.31167954640245,-0.9800318911818808,1.2372613954389482,1.680352684380178,-0.5149871684980739,2.067039092564688,-0.478910091850172,-0.9580311055468529,-1.6117296488823587,-0.20412414523193148,-0.6317033494198563,-0.14439395979692266,-0.27607901401848167,-0.9179691555041763,-0.2944409705025282,-0.33127493777175,1.0452991042696032,0.47891009185017197,0.2041241452319315,0.18283220241808285,0.9287903857796271,-0.10920028762179472,0.9258591681395215,-0.6125884306558075,-0.7097133133092868,-1.0964492816041975,-0.5463606101221017,0.44146425577374654,0.7251021474375307,-0.5459451127399608,-0.36778625329236275,-0.2614881801423402,-0.8915453407200857,-0.9810187631057425,-0.8338493754504337,-0.3530315402677953,0.3990506970573224,0.29444097050252827,-0.32989595743807715,0.8834657745541806,0.6483034199316783,1.1229470923834322,-0.09748706818359676,0.6319522066705908,0.08944634798464988,0.5820221317933209,0.5291148315967185,1.2795473778297102,1.0978607528615711,-0.6779651479231688
-0.7484979712042608,-0.9958467105019857,0.12486173630832209,0.512655375043932,-0.3704425484419405,-0.23231669156014348,-1.524326466082492,-0.282533840835996,-0.5655243498083856,0.4090177240750775,0.5653286889771355,0.6072242528298099,-0.4764227090940527,-0.5074451315764952,-0.1686473250787495,0.13813180327491037,-0.17822403789773644,-0.08315166255390406,-1.4598400640832365,-0.5188608845468775,0.14264449911596094,-1.124017261977879,0.5903099488637749,1.396596589096069,-1.0059679353109992,-1.2674504151666341,0.10030146724541615,0.7221040707459438,-1.000214743647253,-0.7383503954080357,0.7750378301760156,-0.17160542488574881,-1.7740438035767572,1.4106592143934928,0.6924413279842423,-1.109755233312916,-2.0652123858471367,0.8504359288604219,-0.5948440600479573,-0.09437356958141525,-1.2138950595357298,-0.17099312402096947,-1.176102528160578,-1.9772119215415584,-0.7801907879814975,-1.356808381187954,-0.1436522273655295,-1.116969422269747,-0.38620202228268735,0.7473291528688172,0.01466906107867888,-1.4478445380157892,-0.6415913323128958,1.1573069412855104,-0.46058783562841066,-0.12159811628997082,-0.626647991385887,-0.3865567424084447,-0.2971903532744915,-1.8935171425980415,-0.7504292024370477,-0.4768175510546909,-0.7909017505789403,-1.0992133313129562,1.013384770324508,-1.0522904818410643,-1.622116597716479,0.016152133902395366,-1.0414719122006477,-0.6313146036893335,0.8718446331986168,0.3579180233383056,-0.24159049659161017,-1.5804174406359695,-0.9969604763400295,-0.5013149084349131,-0.10199085887339579,0.6981413731050455,0.35447418059692304,-0.025797107509749968,-0.3755170665731986,0.6150185641454605,0.12194490800215772,0.2172719206815012,2.5921214797811665,-0.27515715046770844,1.3985819894781208,-0.7667628757959214,-0.6209958205549091,-0.49964852258908193,-0.478910091850172,-0.07462306296951558,0.7612527553453509,-0.20412414523193148,-0.7173421208207194,-0.15322182867142226,-0.28206064884968524,0.12237668110110703,-0.2944409705025282,-1.0237147024235915,-0.4128512616753106,0.47891009185017197,0.2041241452319315,-0.360370882340245,-0.6407994668000523,-0.800406070941796,-1.042368391316314,0.8987395702812921,1.222386548805577,0.7419320635909978,-0.8716535303929207,-1.765345932035428,-0.8024597016968046,2.1334101235551284,-0.36778625329236275,-0.2614881801423402,-0.15010710558421198,-0.41510749380086986,-0.984880192706478,-0.3530315402677953,0.3990506970573224,0.29444097050252827,-1.0462050575452988,0.96578516614116,0.6893918695641896,1.2424396366711008,-0.20402686762638325,0.6991299916147021,0.03827754745398837,0.7098623993011106,0.5291148315967185,1.388017538342743,1.2049728711956273,-0.7550623539430589
-1.6946564116650173,-1.9052197099012476,-0.9489780414187642,-0.6726208841940827,-4.081244180561866,-1.8012819537182452,-2.127631771281927,1.1016244756626308,-3.6964866026639513,-1.4961002404806134,-2.824615590099985,3.0141733479951185,-0.17872111086195921,0.6634797558736585,1.7678940438806674,2.0289398848018974,-2.2186274881430585,1.2827768189823172,-0.21229002330098076,0.9923273105825637,2.794589611670576,-1.9131384275450232,0.10261480750390865,-0.4105361061031873,2.925529770412008,-0.2430836736086591,-0.4357083307794024,-0.014007088361986457,3.263500997886388,-0.8334913758977344,1.2438742526832889,1.389897445856544,-2.29723519790781,-0.2386849831395498,2.3299535562989355,-0.3844596915501613,-1.2674976452881983,-0.08254136477274018,-2.438355962258268,0.7028584751265475,-2.909690737483471,0.6474408315710224,-1.0878652654591592,-0.8101833070398067,-0.13297605153768977,0.13178170635739486,-3.7877165954155476,0.4041670151103066,3.2525575862299436,-4.0728839134058825,3.109226013518573,-1.0113046814236206,0.022015627820097694,-0.2533558264155705,0.222170255030561,2.5388701176978112,2.440609933305388,1.882179676174646,0.11139402851968976,0.39123207524976167,-3.2306999941679244,0.5645907905438855,-0.3397693628769348,1.5822091469773674,-2.2355229719257386,-0.4997671137131269,-0.06155078867505654,-1.4978688596593766,0.963437308595284,2.4678023873697903,-3.4990255510484376,0.08985102545939049,-0.536350587457047,2.2362155696438126,-0.42897566417390093,2.22707584468919,0.8917236448714104,2.4336490602395267,0.4024400743812662,-1.6469355052323094,0.8889709513317946,0.18517961066406466,-3.2014529745207594,-0.3148863336469113,-1.6816929726285288,2.280967723763983,0.6620890012318935,-0.7667628757959214,3.2012881151608426,-0.49964852258908193,-0.478910091850172,-0.07462306296951558,0.7612527553453509,-0.20412414523193148,-2.7711779321731274,2.813618994948778,1.9550033356191707,3.0353450247610874,-0.2944409705025282,2.095110071685204,-0.4128512616753106,0.47891009185017197,0.2041241452319315,-3.236399157409256,-1.2769278263886898,-0.404357433758095,-0.36176371075946956,-0.5536289438189338,0.30845998365412197,0.9861615507676701,-3.130907841007025,-3.2100967243113194,-2.662851390970016,-0.4875878890944057,4.427524869564821,4.641415198752264,-3.124259798914586,-1.1670599420488135,-2.04209590504106,-0.3530315402677953,0.3990506970573224,0.29444097050252827,0.42175518940104006,0.005392271976206978,2.3575828980106084,-2.4995636496045672,-2.938548332961834,-0.711603480925581,-4.5095269601208425,1.2070189927783856,0.5291148315967185,-0.8898558142079599,-1.0443815958247176,-1.2947427917648462
-1.1124050631069158,-1.3456055558651645,4.209124137966915,1.6096061296586277,0.45712248866605304,2.0972549984322004,0.29570213331115086,2.176467114735109,0.8887148437489828,-2.662129770589798,-1.969920598925223,0.002855622353393467,-2.338557666885457,-3.6261253564881364,-3.9301587757527785,2.714671835376629,-2.1164496252738667,-2.6979396610267634,-1.3026568646529961,-3.4152920513549785,-2.0080515422317737,2.2843484110208703,-1.6071630536040085,0.5649042248304607,-1.9259331999861238,4.244591818462771,-0.21549351597779903,-2.663467166303572,-1.3714667718534894,-2.9872001975385305,1.9361932512998685,-2.9134995715193654,0.8601186428137266,-2.129035146665012,0.7420075919381887,1.4136182142023437,1.1870987609636168,-2.5407644995707734,-1.8678030355315307,-1.9302772649307787,-0.4383952782423205,-1.3931016920601416,2.7535925692952854,-0.40930873693254366,4.032363341535645,-0.4833953670146417,-0.545561465247242,-1.0267418501660008,-0.2697255739971472,0.9048663889230532,0.5155401194874569,0.23843463952389918,1.325691985557708,1.1709568854787071,-1.4140981152203884,0.11591434169495134,1.9368449275167943,-0.7497262278655025,-0.922234647823328,0.7130929163557472,0.6648900878168543,-0.4956710164092261,-0.49666795140649506,-0.6195482144889084,1.4145255604132376,-0.645039159007179,2.1439776641888852,-0.7216971067387655,-0.0025606793969739717,-0.7853849016153943,1.3201712797318408,1.8248764568874147,2.4961220434968334,-0.03513243764549196,3.0822299518110445,0.6484404710592682,1.2475656938986097,0.6899948990027561,-1.997527280635193,1.931199861303538,-1.9201395825345753,1.2742323660574961,1.9673590276461754,1.7298839988025307,-1.0113432373239628,-0.3917613755661134,-0.3685458676476271,-0.7667628757959214,-1.8373069848702033,-0.49964852258908193,-0.478910091850172,4.111371970464098,0.7612527553453509,4.898979485566356,1.4215959813197931,-2.0879527777942246,-1.859258932244408,2.587196048365249,-0.2944409705025282,-3.004976708024482,-0.4128512616753106,0.47891009185017197,-4.898979485566357,0.3507117009213275,0.693134118141885,-3.577520948606417,-1.7043069372055175,3.3890272240334567,2.6411884406211565,0.6606119891019948,-0.9890330752468143,0.5299051076702265,1.567424144194946,3.354629709830825,-0.36778625329236275,-0.2614881801423402,0.5900388610832688,0.890961403326089,-1.3915016198768766,-0.3530315402677953,-4.427444585495233,0.29444097050252827,-3.095763844831546,3.1377506337742247,-1.0658223938408022,0.08515911215909412,0.34621162751827045,2.7815871553905605,0.2746658202743961,1.558852886341516,0.5291148315967185,1.6800525830742954,1.4933516485573426,-0.9626317527731737
-1.3161930354807145,1.7322722876957999,0.08906707705075245,1.100939769170438,-0.5041619277630061,0.6958754874525461,-1.1543264538703482,1.0650901371356094,0.037273837342661605,0.9462162115918293,1.840241811473715,1.168674958468382,-0.5522743046266544,-0.7057110084551435,0.5494650930491122,1.2727363917441996,-1.6982851217811379,0.4483914914435834,-0.47729855930190085,0.8693808076991142,0.5537118695167412,1.8770202245650223,2.5086020446448676,1.5874940553257033,0.3603857551863242,0.48236898533375133,2.6898585294606905,0.7931070899864694,1.5280967341621219,0.21159417912588555,1.0950032271832126,-1.274366824910533,-0.05093761199275184,1.1752764283435082,1.1653876873822662,-2.1820039138486877,1.3443507367191374,1.6140820696903804,-1.60732117973272,1.1867422707970696,-0.9906952708724416,2.261501047116542,-1.2575597342238856,1.4022873233695983,-1.2820388688304276,2.428986848750063,-0.9352684400114387,-1.5126853200578978,1.273920542794591,-0.023995880547542002,0.7240275785103704,-0.46205711880512157,2.050362480104534,-0.10812445327080202,-2.2369581001359244,0.23157791899767566,0.8521081252165299,-2.2533589746675844,-2.4997718541755893,0.2511630645006976,0.5938988179149903,-0.8134214387911739,-1.209083931212493,0.7075764072260441,0.2915084192406718,-1.304159052983776,1.770560565623181,-1.8171717552088527,-1.615174874460848,0.9973661958899023,0.5755363816992387,2.1618720927231703,1.5722828622799248,-0.21782277627347385,1.360274252918568,2.1741863890577005,2.3829744958120775,0.9528546115034293,-1.39073354202782,1.8498243284060243,-1.682455349227027,1.4417824759909676,-1.0200287923160327,1.3167981246913585,1.5593736532791411,-1.3981212762760342,0.6982185320897748,-0.7667628757959214,-0.586062637913987,-0.49964852258908193,-0.478910091850172,-0.07462306296951558,0.7612527553453509,-0.20412414523193148,-1.0964019141507508,-1.5359594521507673,-1.4092255331135628,-1.188459073545884,3.1923599959747797,-0.43445950565799063,-0.4128512616753106,0.47891009185017197,0.2041241452319315,2.1920628301148595,2.0544022927819956,0.951174678300521,2.0074251469748985,-1.26447025600149,-1.7276602543063955,-1.8627139860960662,0.06200775790124933,1.0893361652741722,1.256440542142451,-0.8937750917768948,-0.36778625329236275,-0.2614881801423402,-0.6247904643568705,-1.714678604180577,0.1396479378708204,-0.3530315402677953,0.3990506970573224,-3.19235999597478,-0.43663743697270285,-1.4544049271545214,-2.309037704499654,0.625591740245567,-0.08627238504722755,-0.711603480925581,-0.3525205837252023,0.17293328006382672,0.5291148315967185,-0.8898558142079599,-1.0443815958247176,2.806828535680737
0.8284327641585447,0.519774956375948,-0.47171591774587257,-1.3309478008473365,-0.6672625424401216,-1.0839392680253173,0.7826676256740445,-0.3968774466697282,-0.04913362035599129,0.1662724865839533,-0.6029129384243407,-0.41747310246968294,0.36717703365747645,0.8494922469375161,0.7076373237995036,-0.2211694764643061,0.17244484900968307,0.5338926013710793,1.0195724505608479,0.6982600292488057,0.016389701388618554,-0.21274679376245076,-0.08668832131290793,-0.4105361061031873,1.3010285755264113,0.0472898798120711,-0.47668211249532566,-0.029166143493925073,0.4186080136616866,0.471648651063372,-0.8364601671967143,0.39622882504638435,0.6494387872718629,-0.2386849831395498,-0.5938855133784766,0.5988293008575983,0.6305988177504604,-0.24765733260689707,0.0854732350729052,0.4665434302414832,0.19163215255777444,0.2796492441970232,0.6435412974931096,0.8095586390546031,0.30670706713923473,0.2898299642963425,-0.21413670636367357,1.3808877321971527,1.0307280320075793,-1.602756091498795,0.12911168326768993,0.9098252276228438,0.5522818541436337,-1.0123652102775083,1.139983058582443,-0.3044457512760321,1.090932179461251,1.0570091296516109,0.4878789487942602,0.5365233239008468,-0.09988016216867535,-0.24481744640165842,0.05526235594139255,1.378352810297021,-1.6116036429081846,0.7524158639239558,0.08888491934899391,-0.6696753795260979,0.8388223706680493,1.374610994680383,-1.9490875646358923,-0.8950315688528717,0.18102457990423076,0.9198074294780461,0.11781901330233253,0.35694398303154484,-0.45858443437427804,-0.14962056082290712,1.1969865054193058,-1.1625628079779877,0.9336338198558745,-1.3435235377173047,-0.513919450285595,-1.2237012967545737,-0.7267755439799216,1.0380368175063914,-1.1054039726348701,-0.7667628757959214,1.0648058857747742,-0.49964852258908193,-0.478910091850172,-0.07462306296951558,0.7612527553453509,-0.20412414523193148,0.3834742675772133,0.9593152748624113,0.5473702322363911,1.0933661280167775,-0.2944409705025282,1.5331148823235146,-0.4128512616753106,0.47891009185017197,0.2041241452319315,-0.8861170393050695,-1.13030968631026,0.07060324616037564,-0.8839026875801932,0.2651917789061978,0.7118145216801838,1.3180103260365188,0.35034197644840853,-0.694716408903499,-1.2257279184276697,0.11030064424482765,1.2306507860615947,1.37281294452156,0.1415452820300184,0.8381465876149728,0.7771459959274469,-0.3530315402677953,0.3990506970573224,0.29444097050252827,1.0126370237732312,-0.5068172718345393,0.6702172546160635,-1.6777903983207376,0.37602315918563206,-0.711603480925581,-0.7612940848318187,-0.9141824680580116,0.5291148315967185,-0.8898558142079599,-1.0443815958247176,0.14440504314616048
-0.4331118256455531,-0.6927223785813957,-0.07399748170974293,0.7628358269761353,0.4659498477579479,0.7780651041258436,-0.22520744850553523,0.5325689593529591,-0.014092337208226273,-0.6001913655119722,-0.21863505903497715,0.11637296642744253,-0.4532075259439932,-0.13355723849261478,-0.21484239315794823,-0.06612498433129009,-0.01508183433699091,0.31682086865954967,-0.8944268866912936,-0.5710183753587686,0.7657586979846774,-0.36909003069538043,-0.1813398855793389,-0.4105361061031873,-1.0848838052286789,-0.6763888509178639,0.3003325423182142,0.5359297450199841,-0.4430438391526596,-0.5217464277869159,0.40435668441034595,0.527476864363476,-0.6862894409021566,0.15088758077800374,0.37179088080164446,-0.17899767871004074,-0.9066078292039336,0.5979620542161791,0.031389992603499534,0.16224484115611795,-0.21734933413067756,-0.008224190027697394,-0.63544851986604,-1.0004095816948542,-0.4352368067009592,-0.7267029857133744,0.10954006292660401,-0.5849231661328901,-0.8814394712199006,0.5362827764909821,-0.1597271986479579,-1.0372784207274652,-1.2914205445085996,0.9178523219850663,-0.0819279240805302,0.05285058101219763,-1.1287181439295986,-0.3613348238592031,-0.06621326884656475,-1.1437552196160778,-0.8120537545764489,-0.2755114876892811,-0.46659750696715524,-1.1479735217775373,0.7649155496942581,-0.658900588110212,0.09286527423817675,0.14256100984238884,-0.6776709520455494,-1.076329775575199,0.49719421703653016,-0.00037431485860624274,-0.5078569607986851,-1.019712218048855,-0.6105615258081168,-0.6804547126770077,-0.4148999056436073,0.4571167751061749,-0.548091570755822,-0.5589926183767577,-0.24286415723144603,0.2619182480624459,-0.21070663155652122,-0.0443505298716941,-0.3075220320527827,-0.8869250085889168,1.0221672745703625,1.517211649090682,-0.48088370618229775,1.8959265870437878,-0.478910091850172,-0.8991372367837599,-1.4535308239271467,-0.20412414523193148,-0.45886977063047585,-0.13262346821143747,-0.2681035010776911,-0.848612767271048,-0.2944409705025282,-0.22571545737940496,0.9480890810981246,0.47891009185017197,0.2041241452319315,0.18991165669996685,0.7964043206369821,-0.08138136307996385,0.787803746963123,-0.5267757270496828,-0.6014996410927802,-0.9244236841033029,-0.370538779491638,0.44956488841435466,0.642950926427847,-0.482265778661922,-0.36778625329236275,-0.2614881801423402,-0.7138124655746495,-0.7929008578727809,-0.6324749566712382,-0.3530315402677953,0.3990506970573224,0.29444097050252827,-0.22069769895035896,0.7737065880764837,0.5935188215721408,0.9636237033456687,0.04456599475700354,0.5423818286260904,0.1576714139261379,0.4115684453624621,0.5291148315967185,1.134920500182831,0.9550445980819688,-0.5751688753887036
-1.6946564116650173,1.7322722876957999,0.12486173630832209,1.4077232167093996,-0.6757052835211477,0.8537803111380353,-1.5312313178525292,1.3107810864520155,-0.15575605495953926,0.9405225852276613,1.9882755254433104,1.5355606566457891,-0.6847632390860341,-0.8888453974312636,0.5907935517707786,1.563732008094647,-2.0389813592893478,0.48049604681207886,-0.7120543643985413,0.9047312986876291,0.7677587718706802,2.014750358199631,2.8074844813364463,1.8094974065955798,0.3461199525068063,0.514579244114762,3.04397269976994,0.8853129523236909,1.8094228686598017,0.11019145863264279,1.4251844052676212,-1.4047847516102097,-0.29246132195324603,1.3323832518416259,1.5232979910941074,-2.545612548312321,1.318206702149462,1.8301151125893271,-1.9356221810192025,1.2798929777771675,-1.294360700441869,2.5021396689310618,-1.5649824355455053,1.3781604025343308,-1.4829930349391345,2.6578904882614838,-1.2139264039551645,-1.8884556989541101,1.424376907931469,0.01419259743581726,0.9556912516362676,-0.7212179298618272,2.1873566482375155,0.0345139298812445,-2.6631633845588074,0.4490980970674693,0.9005542165126511,-2.575334844853868,-2.8526488833783414,0.2113846329877281,0.4970509364074521,-0.831632535960485,-1.3715130585754678,0.6443710477945234,0.4683031301415611,-1.6022330979601254,1.9490558758870775,-1.9906821013342133,-1.8809181829340413,1.0161829621937168,0.7699424877316075,2.5562437547224497,1.68701293997249,-0.27109234701302304,1.4679473530617038,2.4799984263301877,2.773720381233907,1.2188668316056626,-1.7223994600689572,2.157624415974927,-1.9756131940394108,1.8361888745190158,-1.225570581441851,1.649565558282266,1.7603392625736884,-1.5997537920077955,0.9968150865711531,-0.7667628757959214,-0.6507990168693301,-0.49964852258908193,-0.478910091850172,-0.07462306296951558,0.7612527553453509,-0.20412414523193148,-1.4360910562882117,-1.710195326413071,-1.5484232236373725,-1.3341074907288832,3.5797823255833694,-0.6218569271826747,-0.4128512616753106,0.47891009185017197,0.2041241452319315,2.403511587018251,2.4001137271334407,1.0226292441379807,2.3576915161497705,-1.479922744407728,-2.021121592606073,-2.23456384159808,-0.16343214483919022,1.1478208784253154,1.4523968449620936,-1.0385550920261093,-0.36778625329236275,-0.2614881801423402,-0.8913724959579635,-2.1097262103054146,-0.08780972950989635,-0.3530315402677953,0.3990506970573224,-3.5797823255833694,-0.6304947011381327,-1.5312363586877178,-2.5463234976867617,0.8358690195278692,-0.3217814170273009,-0.711603480925581,-0.5153364652503933,0.4115684441692862,0.5291148315967185,-0.8898558142079599,-1.0443815958247176,3.022700710809452
-0.6133324786285431,-0.8659362809770935,-0.23308485626737335,0.3320057330353458,-0.4357019652206336,-0.46328812248118145,-1.5168202224826928,-0.6415203223018245,-0.8397440501684118,0.646374667476318,0.696427196607748,0.7519166203089717,-0.07117453437628739,-0.14592842751247997,0.15308013426899708,0.07327395746487343,-0.243513633657625,-0.3331721596308211,-0.9112552406030465,-0.1424955975554367,0.4265592989330306,0.2362100732536411,0.8755591246277964,0.2881589728233188,-0.40067088335251266,0.15536327471663547,0.7203376500547459,0.2381576190220555,-0.18118842011086803,-0.3476114838891321,0.5506870930846296,-0.3373825603570084,-0.36903333036125313,0.2787520109775555,0.6154185741518284,-1.1634127552286573,0.5421457305332014,0.7084026863922093,-0.47069309872960846,0.5557528580266021,-0.6636956534482649,1.090773255475825,-1.1018845830742279,1.0775959959982484,-0.7616012891397832,1.297820048530937,-0.13633538536925321,-0.9324429278468641,-0.3204635845064214,0.7555480643921427,-0.04324753703634902,-1.2815806084186436,-0.8534587330446212,0.8963028770754966,-0.5180816904678708,-0.12701283684263773,-0.7298910601843158,-0.6163116198352343,-0.24946831788072574,0.21241909824544655,-0.8396597008255906,-0.6550871907604651,-0.8978248837302829,-1.0275307395834767,0.9299566247993446,-1.0276103139094341,-1.845002934616677,-0.12715143070026516,-1.0737273026083323,-0.564726808461068,0.909133648970702,0.11466886671324908,-0.6237785099687998,-0.026783459793732273,-1.0121539315262418,-0.6110914951953748,-0.28269381802985816,0.5848128326759953,0.44114227514831533,0.018835961525026874,-0.1698011506345582,0.5224378262546892,0.38667291587091396,0.14480172126807722,2.2355309123498786,0.14642937379559376,0.9945756773123072,-0.7667628757959214,-0.26452450351797263,-0.49964852258908193,-0.478910091850172,-0.07462306296951558,0.7612527553453509,-0.20412414523193148,-0.7762087658158104,0.14882434964155963,-0.0052729666614227035,0.12237668110110703,-0.2944409705025282,-0.7714704910986555,-0.4128512616753106,0.47891009185017197,0.2041241452319315,-0.4336226113385095,-0.6494422011422936,-0.1957558321262119,-0.6695815833176857,0.3543025179133571,0.6951200921219413,0.4441100574041761,-0.7678813093812787,-1.6409274630861328,-0.819818063765968,1.0274439368754733,-0.36778625329236275,-0.2614881801423402,-0.058461632201659536,-0.3076857146203614,-0.8338493754504337,-0.3530315402677953,0.3990506970573224,0.29444097050252827,-0.7852656470071576,0.33466983525086846,0.579822665469736,1.2144246403627177,-0.09748706818359676,-0.711603480925581,-0.08596076739122413,1.4342905746861974,0.5291148315967185,-0.8898558142079599,1.0978607528615711,-0.6779651479231688
-0.6133324786285431,-0.8659362809770935,-0.0626340979661747,0.935903473615176,0.4249656750039244,0.8854460333792498,-0.4011377868786711,0.6524759124531426,-0.14185199300280887,-0.7143092364272066,-0.2705331615330711,0.27706362794066114,-0.531302784279119,-0.21041836108517156,-0.24286748975904204,0.02531066951136605,-0.11387203658401847,0.32806160961725944,-1.075136210913086,-0.6511787145738354,0.9185064780406815,-0.4409856763354265,-0.1813398855793389,-0.4105361061031873,-1.1972882168919814,-0.738450672024495,0.35729693766639276,0.5768351313297979,-0.40298707989597415,-0.6393153612963055,0.5672841150670263,0.572339888684748,-0.8869369538044048,0.17871419211074113,0.5451905875197448,-0.2696742114169112,-1.0841974608814842,0.6642604369366022,-0.06260985178765431,0.14894905084846197,-0.35732382719695693,-0.015651164271259333,-0.7886408819077095,-1.1875409500672844,-0.50393576526273,-0.8049570617184197,0.005031980583509875,-0.7602211106335766,-0.9386718081460284,0.6008524155399508,-0.07392589402239537,-1.2449690323116915,-1.4420516504333858,1.08283247858814,-0.2019863070133529,0.17991874105696812,-1.2390618172600332,-0.43317472866566314,-0.11923717366615129,-1.268964087049575,-0.9747382885272997,-0.24879648258006998,-0.51798148641786,-1.3211448168602342,0.9123840854578248,-0.8044297247108276,0.08777688152043046,0.1709995558815381,-0.7815413687749743,-1.2123544219339233,0.6165737003983769,0.0987041516903879,-0.5826833257774946,-1.1112347581298236,-0.6821170875162921,-0.6877641958842097,-0.36355429438385817,0.592714783598662,-0.7011166609112842,-0.5331794872011376,-0.3284948283122797,0.43118919997899563,-0.2850319120797634,0.07234648624968877,-0.31167954640245,-0.9800318911818808,1.2372613954389482,1.680352684380178,-0.5149871684980739,2.067039092564688,-0.478910091850172,-0.9580311055468529,-1.6117296488823587,-0.20412414523193148,-0.6317033494198563,-0.14439395979692266,-0.27607901401848167,-0.9179691555041763,-0.2944409705025282,-0.33127493777175,1.0452991042696032,0.47891009185017197,0.2041241452319315,0.18283220241808285,0.9287903857796271,-0.10920028762179472,0.9258591681395215,-0.6125884306558075,-0.7097133133092868,-1.0964492816041975,-0.5463606101221017,0.44146425577374654,0.7251021474375307,-0.5459451127399608,-0.36778625329236275,-0.2614881801423402,-0.8915453407200857,-0.9810187631057425,-0.8338493754504337,-0.3530315402677953,0.3990506970573224,0.29444097050252827,-0.32989595743807715,0.8834657745541806,0.6483034199316783,1.1229470923834322,-0.09748706818359676,0.6319522066705908,0.08944634798464988,0.5820221317933209,0.5291148315967185,1.2795473778297102,1.0978607528615711,-0.6779651479231688
0.8284327641585447,0.519774956375948,-0.15354116910787347,-0.43274023875665985,0.75283906133944,0.02639858807699582,1.0063049385791594,-0.30677972493856254,0.9602548342610057,0.19863374287699573,0.14465166390105036,-1.0631645816760844,-0.028269842059274436,0.3976957501277798,-0.06193772439711725,-0.8484716362281598,0.7803881639512199,0.2680436437361189,0.6304769445041148,0.24887553914184093,-0.8054989838536726,-0.5300212641925246,-0.10655346443055394,0.46376820646720246,-0.053295541354463044,-0.3965844486038824,-0.31876612328289194,0.2622245825209805,-0.7234411581554224,0.5411129969274046,-0.6859293557524595,-0.050446130470832296,0.3297007711797067,0.4430670026935409,-0.8017637971507597,0.2665787773572528,-0.15431068594023503,0.00828581337817928,0.5388213601133357,-0.11703122281459039,0.44296250308754787,-0.4503441540287878,0.387517410476062,-0.08974316644944255,0.009550815449125291,-0.487952073524815,0.845699998111554,0.625982773435815,-0.5777537989422737,0.18263514336457692,-0.8451356244291109,0.7075344810442504,0.2689177236795355,-0.23475464340615587,0.5034749486135366,-1.1031951726767988,-0.1055681370634699,0.0609763887036332,0.16387373870333313,-0.5072795158318218,0.6628189676570976,-0.5628162144629564,-0.1753297738313377,0.1184741984652354,-0.12514798556814727,0.32986056168231775,0.1284840237966028,-0.24404383811849145,0.01457752848941643,-0.24067985947865161,-0.23931858355281635,-0.4548331447714018,0.23031546547311535,-0.540295000898436,-0.1096725863375489,-0.5601455808088422,-0.6309110315720949,-0.4645228378709886,0.3631555743478381,-0.43935220412204035,0.11309354495654592,-1.0189473200453616,0.291610759400259,-0.9319919716573628,-0.27841943116864715,-0.23517682066193601,-0.4834915940946232,0.37522438493439936,-0.24001685426415129,-0.49964852258908193,1.4044442001016078,-0.07462306296951558,-0.3461390326298135,-0.20412414523193148,0.7365493207486249,-0.05023002587715052,-0.21227490965474108,0.12237668110110703,-0.2944409705025282,0.14779168971732,-0.4128512616753106,-1.4044442001016073,0.2041241452319315,0.2394678374164719,-0.2050395250055102,0.11335111163381076,-0.26337829237996435,0.13265235697501523,0.0045435014318897056,0.2529556338589307,0.8602140533829057,0.7053128078573994,0.2395085924204634,-0.01004008077839296,-0.36778625329236275,-0.2614881801423402,0.5303176791053532,0.8381465876149728,0.7771459959274469,-0.3530315402677953,-0.4110258191657155,0.29444097050252827,0.1656847448063092,0.005392271207892599,0.2100266273029892,-0.15164003664763723,1.0389374502567774,-0.0846108270902267,0.6352468826801907,-0.7816073775511873,0.5291148315967185,0.12253234146885333,-0.04466850037094391,0.14440504314616048
-0.6133324786285431,-0.8659362809770935,-0.0626340979661747,0.935903473615176,0.4249656750039244,0.8854460333792498,-0.4011377868786711,0.6524759124531426,-0.14185199300280887,-0.7143092364272066,-0.2705331615330711,0.27706362794066114,-0.531302784279119,-0.21041836108517156,-0.24286748975904204,0.02531066951136605,-0.11387203658401847,0.32806160961725944,-1.075136210913086,-0.6511787145738354,0.9185064780406815,-0.4409856763354265,-0.1813398855793389,-0.4105361061031873,-1.1972882168919814,-0.738450672024495,0.35729693766639276,0.5768351313297979,-0.40298707989597415,-0.6393153612963055,0.5672841150670263,0.572339888684748,-0.8869369538044048,0.17871419211074113,0.5451905875197448,-0.2696742114169112,-1.0841974608814842,0.6642604369366022,-0.06260985178765431,0.14894905084846197,-0.35732382719695693,-0.015651164271259333,-0.7886408819077095,-1.1875409500672844,-0.50393576526273,-0.8049570617184197,0.005031980583509875,-0.7602211106335766,-0.9386718081460284,0.6008524155399508,-0.07392589402239537,-1.2449690323116915,-1.4420516504333858,1.08283247858814,-0.2019863070133529,0.17991874105696812,-1.2390618172600332,-0.43317472866566314,-0.11923717366615129,-1.268964087049575,-0.9747382885272997,-0.24879648258006998,-0.51798148641786,-1.3211448168602342,0.9123840854578248,-0.8044297247108276,0.08777688152043046,0.1709995558815381,-0.7815413687749743,-1.2123544219339233,0.6165737003983769,0.0987041516903879,-0.5826833257774946,-1.1112347581298236,-0.6821170875162921,-0.6877641958842097,-0.36355429438385817,0.592714783598662,-0.7011166609112842,-0.5331794872011376,-0.3284948283122797,0.43118919997899563,-0.2850319120797634,0.07234648624968877,-0.31167954640245,-0.9800318911818808,1.2372613954389482,1.680352684380178,-0.5149871684980739,2.067039092564688,-0.478910091850172,-0.9580311055468529,-1.6117296488823587,-0.20412414523193148,-0.6317033494198563,-0.14439395979692266,-0.27607901401848167,-0.9179691555041763,-0.2944409705025282,-0.33127493777175,1.0452991042696032,0.47891009185017197,0.2041241452319315,0.18283220241808285,0.9287903857796271,-0.10920028762179472,0.9258591681395215,-0.6125884306558075,-0.7097133133092868,-1.0964492816041975,-0.5463606101221017,0.44146425577374654,0.7251021474375307,-0.5459451127399608,-0.36778625329236275,-0.2614881801423402,-0.8915453407200857,-0.9810187631057425,-0.8338493754504337,-0.3530315402677953,0.3990506970573224,0.29444097050252827,-0.32989595743807715,0.8834657745541806,0.6483034199316783,1.1229470923834322,-0.09748706818359676,0.6319522066705908,0.08944634798464988,0.5820221317933209,0.5291148315967185,1.2795473778297102,1.0978607528615711,-0.6779651479231688
-0.937729659296412,-1.177721310381838,1.9623209115302251,1.3720614778497953,0.45217916443553213,1.712747873658983,0.10311619088980548,1.683152113998547,0.739600955655997,-2.0511039417603567,-1.460399137120917,0.008062918055197378,-1.9797883504730005,-1.9518366935219318,-1.6659371048651133,1.2793902678742763,-0.5665746586745739,-3.7602872079035,-1.5166190062236016,-2.190610080947847,-1.729801783808502,0.9387787461351484,-2.583368940693137,-3.4045426537698003,-0.2302198343723615,0.7953262712273832,-2.0648643321393365,-3.7378009065459747,-0.1962721314295804,-2.1640764138159216,1.333962525086316,-2.3877982305216197,0.17789609182678834,-3.5087859402265433,0.9676796725676601,-0.8129641492617206,0.6050102556244246,-2.955235429333037,1.2459480115059014,-3.979077482622147,1.115132913709133,-2.817317025374418,0.3611831878472991,0.6486654821559931,1.2382513603016916,0.982981454105798,-0.3437621269644519,-0.985457692301387,-0.006388722387940423,0.3985635287868097,0.32858023062232916,-0.2871561223177405,0.5176393517829933,1.2052767735943903,-0.9502867076113118,-0.16131244433212444,1.78077524391076,0.1021811091227719,-0.9659106331147616,-0.1892186919497591,0.07667215130874598,-0.62511295055091,-0.6609515870840521,-0.6204722490393718,1.0176551274439447,-0.7489779025140901,1.5322479558194966,-0.5707954547657732,-0.3073145385616214,-0.29119076091115553,0.6291155182061948,1.2939459943171694,2.2770151040089646,-0.47538829168953556,2.398798481392297,0.48430320939648674,0.8420624676407596,0.5649250589813405,-1.461006966766614,1.2962647485470036,-1.6172908939010986,0.951696876402036,1.5117390902324195,1.2510936884955008,-0.5370833959485756,-0.475836516289628,-0.0714816975988701,-0.7667628757959214,-1.4432356348563296,-0.49964852258908193,-0.478910091850172,1.9042109531952536,0.7612527553453509,-0.20412414523193148,0.15880646351022978,-1.7928453582418742,-1.6564896300538399,0.12237668110110703,-0.2944409705025282,-1.0745778936739896,-0.4128512616753106,0.47891009185017197,0.2041241452319315,0.30512491908599293,0.35890745436179444,-2.3380385715144145,-1.2038861444194016,2.0805999693951773,1.5131272814875227,-0.11307913936006735,-0.8298711762974348,0.10443844834582294,1.0051121965074135,1.2200518165561645,-0.36778625329236275,-0.2614881801423402,-0.27841076729335734,-0.5654979834504585,-1.1963233351733944,-0.3530315402677953,0.3990506970573224,0.29444097050252827,-1.0988215718084176,0.46638086117538446,-1.4389897910848288,-0.16807550824162784,-0.5804674529471178,2.904025186310575,-0.05399334843824343,1.8433794288020435,0.5291148315967185,1.5398757618461236,1.3549298356636506,-0.8629984415074163
0.5761238454407984,0.2772754886569808,-0.13763243158052116,-0.18726603329910282,0.6954612184510085,0.17673189173776457,0.7600024604233155,-0.13890998757664252,0.7973972265235664,0.038868720719902446,0.07199431909586669,-0.8491382317014707,-0.16194903237475075,0.2887352010335855,-0.10982706247469919,-0.7489211317945227,0.6628695928778027,0.2897622739882303,0.42947159488533276,0.1884053688468927,-0.6920567296100119,-0.7635153228027023,-0.09159618011105324,0.6386290700304456,-0.16171024613624166,-0.5143966702924635,-0.28308554706087546,0.3220186335936459,-0.6673616941866309,0.4244918629001446,-0.44778975035882085,-0.04041425958211852,-0.028914232266380475,0.5794174006782614,-0.5509555458712008,0.10179977257522711,-0.5011022347782745,0.07598603974004417,0.3771080647965987,-0.21011464953124673,0.18309628309537918,-0.5595636756470366,0.16317197569106404,-0.43157772396773925,-0.09384874731103382,-0.6593133078874014,0.7003093497651152,0.37732970862945187,-0.6772672106403103,0.29270060917750473,-0.7419736527714385,0.47496333971662763,0.15921827437570646,-0.003331590371004782,0.28439204508774213,-0.9786134697385748,-0.20990042581244606,-0.05571310565757481,0.06142420409946877,-0.7305692099614112,0.5022768099286968,-0.5454751443980265,-0.2609513721221913,-0.113115891653218,0.10975121450108585,0.1201312023997292,0.12136027386354184,-0.24173687771222796,-0.13780994708660232,-0.45441889248793127,-0.052358584623204564,-0.2683051995524457,0.16843612558709564,-0.700674674116895,-0.20985037453219332,-0.5565503076701029,-0.5303455426862422,-0.2691763303897724,0.11693474367159754,-0.3431473524263992,-0.055480797880475,-0.8011617605954278,0.18396344867116782,-0.782768609568134,-0.28423995136293545,-0.36552645863838124,-0.1823598194582305,0.6036218384508483,-0.2873331799376987,-0.49964852258908193,1.781115060751989,-0.07462306296951558,-0.567617391553713,-0.20412414523193148,0.49169911041197023,-0.06670871439344268,-0.22344062797282624,0.12237668110110703,-0.2944409705025282,-0.07307343127723971,-0.4128512616753106,-1.781115060751989,0.2041241452319315,0.22955660124343866,-0.03464730570805693,0.07440461657421622,-0.0870595146782533,0.024262399788748223,-0.17724615745061004,0.006759816469131716,0.614063486069544,0.7337806202169104,0.38884354844743513,-0.0938970795304194,-0.36778625329236275,-0.2614881801423402,0.2814916494228744,0.637625933746251,0.49522180456193715,-0.3530315402677953,-0.5730411233824152,0.29444097050252827,-0.06279389570653378,0.15905513504259958,0.286725066386915,0.07141271202018455,0.8400631585601909,0.04078770442923674,0.5397317886428354,-0.542972212252552,0.5291148315967185,0.3250099738190818,0.15527411991946655,0.0004902590074432782
1.0086534171415344,0.6929888587716456,-0.1649045528514417,-0.608078953784532,0.7938232340934617,-0.08098234117641447,1.1822352769523012,-0.42668667803874605,1.076581694836724,0.31275161379223015,0.19654976639914432,-1.2160405431919057,0.06721529216162431,0.4755247123655688,-0.027731054957421106,-0.9195791381151074,0.8643299989212789,0.252530336692422,0.7740521916474621,0.29206851714647325,-0.8865291639977442,-0.36323979675874984,-0.11723723875217508,0.33886759188452553,0.024143532095760995,-0.31243286319819596,-0.34425224869701065,0.21951454680928584,-0.7634979174121078,0.6244138054474614,-0.856029070828978,-0.0576117524052177,0.5858543404590049,0.34567386302895986,-0.9809125448400516,0.3842780643686841,0.09339755877104493,-0.04007149029557852,0.6543308546889769,-0.05054306207090732,0.6285812283122454,-0.37233021142000466,0.5477641467237617,0.1544243702400388,0.08340764466267335,-0.36555119404046915,0.9495504593468584,0.8035921022433933,-0.5066727918659547,0.10401695491341088,-0.9188227457153678,0.8736567218594946,0.3472744717718502,-0.40005682117011027,0.6599627340294674,-1.192182101745194,-0.03104507501275903,0.1443260260327711,0.2370519763888867,-0.34778688003870173,0.7774919353989845,-0.5752026928578069,-0.1141714904387199,0.28389568842938334,-0.2929331254546102,0.47966724418764556,0.13357241651433996,-0.2456916669504466,0.1234257233701633,-0.0880091243629519,-0.37286143752733997,-0.5880673889581525,0.2745149931675385,-0.4257380935187047,-0.038117024629372276,-0.5627136330045703,-0.7027435223404301,-0.6040560549888304,0.5390275930937386,-0.508069954096295,0.2335037876727477,-1.1745084311380736,0.36850169425130447,-1.038580085516796,-0.27426191681899076,-0.14206993806897203,-0.6985857149632093,0.21208334964490302,-0.206219479391399,-0.49964852258908193,1.1353935901942465,-0.07462306296951558,-0.1879402076746037,-0.20412414523193148,0.9114423249838761,-0.038459534291665334,-0.20429939671395053,0.12237668110110703,-0.2944409705025282,0.30555248758802556,-0.4128512616753106,-1.1353935901942462,0.2041241452319315,0.24654729169835593,-0.3267482508843609,0.14117003617563584,-0.3893202741856593,0.21007375357161995,0.134393255439237,0.4288097859719851,1.036035884013368,0.6849786565380441,0.13284076860693572,0.049857774394890655,-0.36778625329236275,-0.2614881801423402,0.7080505542507888,0.981375623514508,0.9785204147066425,-0.3530315402677953,-0.295300603951127,0.29444097050252827,0.32888377080647174,-0.10436691526980393,0.1552420289434506,-0.31096342568540003,1.1809905131973777,-0.1741812051347271,0.70347194862168,-0.9520610639820462,0.5291148315967185,-0.022094536178026078,-0.18748465515054633,0.2472013156806255
0.8284327641585447,0.519774956375948,-0.5910314484851221,-1.1786988675901167,-0.4609229930342899,-1.1894633212138084,0.4281304518948303,-1.0530902230166335,-0.3338488679560394,0.7160148112211088,0.041812615412925316,-0.21091232585662645,1.5349540313305816,0.8325145205442069,0.6727621244203504,-0.46182903661483826,0.6688790611020551,0.15945049312712398,1.3075476337476266,0.8399158420191645,0.03450697130345318,0.13417949633398485,-0.1813398855793389,-0.4105361061031873,0.7976828707679716,-0.011515180376835236,-0.5758386638981678,-0.03674567104852509,0.4301322292054789,1.1756748677123752,-1.0791601100121222,0.7970638563269632,0.7182431704815674,-0.2386849831395498,-0.8830148740035387,0.9480546844961497,0.3365196111858338,-0.3302153164001385,0.6893889132115567,0.3483859079761883,0.7624721320305953,0.09575345078586797,0.5921389868847099,0.3095100165609531,0.169407068373614,-0.17892444546138328,0.0575682609599714,1.0702482544504706,0.7724516668737502,-0.5774473785479617,0.8742627090323186,1.3600267288033998,0.5130254377854266,-1.7703828648567477,0.8614071581684021,1.2720872082959978,-0.0702215993555372,1.1553096873503077,1.1573092438991264,0.9862247927290747,1.1421353885644494,2.1440224412097053,1.985460886938827,1.333970512477189,-1.2920731760118922,1.465867781384257,-0.6522822155056407,1.6957679901864289,1.4527275708043006,1.0365440118019094,-0.3708600960633399,-0.6971925011425186,-0.8558972256804686,0.9571044247388494,-0.2854764871903881,0.5483048117600899,0.38137816337659547,-1.7490973002380588,0.7729857461642253,0.7597475922265061,1.3612937415678006,0.3245390612251327,-0.40434760553262844,0.8931448696182482,-0.42799547623329814,1.3128161553931574,-1.0296720618232549,-0.7667628757959214,1.138843551127304,-0.49964852258908193,-0.478910091850172,-0.07462306296951558,0.7612527553453509,-0.20412414523193148,0.5679981206721811,0.7639129719489037,1.4568919489848282,-0.3631180423567282,-0.2944409705025282,0.7580585920666433,-0.4128512616753106,0.47891009185017197,0.2041241452319315,-0.6853730170921299,-0.8720223278633402,0.6964619321622505,-0.248504669884982,-0.24230652007721132,-0.14419035652007056,0.48267236497429983,0.4761995842257319,-0.3723091649525967,-0.8042926126810256,-0.7403486101469539,0.4940316446026642,-0.2614881801423402,0.8894967375076345,0.523924498510328,0.7771459959274469,2.3625956906813506,0.3990506970573224,0.29444097050252827,1.4199230261556393,-1.0190268148769712,-0.4371164458164386,-0.8560171334776464,-0.9498054547765423,-0.711603480925581,0.2991469172423786,-1.1793326506625612,-1.8330049507986979,-0.8898558142079599,-1.0443815958247176,0.14440504314616048
1.1438189097172524,0.822899288296538,-0.47171591798450363,-1.063210243740831,0.3511941625712577,-0.90332182325973,0.7005576936754042,-1.3974079628329703,0.22964504078453943,1.1467161818162137,0.754067078405091,-0.6739893672120854,1.191528144366499,0.7667436878863568,0.38606915032403605,-0.9358422982505238,0.9816850798697122,0.15945049312712398,0.9971145129818441,0.518541900208043,-0.4017357653685434,0.43572929446635256,-0.1813398855793389,-0.4105361061031873,0.6141330531670723,0.12593766446108295,-0.5399824240903889,-0.03674567104852509,-0.16367755793167196,0.7948340082691704,-1.1134734401077728,0.5065140815557452,1.1978331962211772,-0.2386849831395498,-1.1027499171974713,1.0801249663126564,0.756081111220068,-0.3302153164001385,1.0176652750307216,0.3483859079761883,1.2073771811590257,0.09575345078586797,0.892500515573459,0.6994015769929928,0.32660649790078067,0.00023334023301084444,0.8780752747806312,0.9475952799101292,-0.07870719944645017,0.13427145860745285,-1.1790488184936105,0.7231434412350785,-0.22377737568502606,-0.632198052414766,0.9259527886928844,-0.5316387816713263,-0.0826785768535619,0.6855844750327078,1.0449229709025896,1.2893115761739362,0.32096595848451537,0.32050744058220115,0.9726429028585445,0.40978982683872783,-0.501671338800467,1.2824880267784526,-0.9512163030915018,0.7853523251348256,1.1424984846135886,0.36290579575594006,-0.2229847800647843,-1.134315836751354,-0.6089485583938644,1.187631547468102,-0.2627174480713694,-0.7463244812358305,-1.0477774735528935,-0.665758437577395,1.2539617379975128,-0.6578287829250954,0.9061988169090636,-1.1041128252074062,1.0158963813149524,-1.0012358480186563,0.3510953834021527,0.8601065171742291,-1.2087191626817722,-0.7667628757959214,0.3603497049663715,-0.49964852258908193,-0.478910091850172,-0.07462306296951558,0.7612527553453509,-0.20412414523193148,0.8756643417373813,0.5245509740611949,0.5964151324919637,0.12237668110110703,-0.2944409705025282,0.7070788506329894,-0.4128512616753106,0.47891009185017197,0.2041241452319315,-0.10981110901210393,-0.9606790213423672,0.738330830180977,-0.6147972933338677,0.10176378166826022,0.5267120685276436,1.0399750147856677,1.0381109552697734,-0.2777537499417728,-0.7889866369391031,0.06507349785454772,-0.36778625329236275,-0.2614881801423402,1.1329295115072398,1.0887974026950176,1.1295512319626868,-0.3530315402677953,0.3990506970573224,0.29444097050252827,0.7442512907909391,-0.7629220433557554,-0.015275036233326544,-0.7122068134244,0.5417517225068904,-0.711603480925581,0.43377321464785756,-0.7816073763580115,-1.2424750069714336,-0.8898558142079599,-1.0443815958247176,0.3242985217005157
0.8284327641585447,0.519774956375948,-0.5512596049053724,-0.8642432395569033,0.12168279299296648,-0.9626731222032808,0.18813781962711507,-1.4811678145382439,-0.28532089958157436,1.1964686259327986,0.8361099756296198,-0.1875537165190657,1.375328823250869,0.7081587533061705,0.4555892119692632,-0.7990483464112644,0.8529197684104267,0.15945049312712398,0.7843181226376891,0.5076470707201443,-0.07807760456311999,0.36848938560624905,-0.1813398855793389,-0.4105361061031873,0.6559180776216267,0.10375800060194393,-0.5542535642892482,-0.03674567104852509,0.11637608040988667,0.6850391236097165,-0.8590887959690807,0.7088872694693157,0.8895190036442611,-0.2386849831395498,-0.7850648755259348,1.0766753563226703,0.4815591334427726,-0.3302153164001385,0.9077577565320522,0.3483859079761883,1.0290717105077882,0.09575345078586797,0.686919162363374,0.3927255669216938,0.25995912208498545,-0.12264024358025136,0.6465492888062333,0.6403776777730568,-0.07821401811810401,0.3015926716065386,-1.1184165983597663,0.3407278629413575,-0.5708414884943457,-0.37897410368617757,0.7016405659310866,-0.13348381594423253,-0.24893586965686523,0.6993046809857403,1.1678568244953222,1.5160257846192469,-0.060555304322172536,0.6438504409053544,1.212597797833479,0.12091155623724462,-0.23568045984215485,1.2504815852315045,-1.3229893270509623,1.132329312152056,1.2644930117308413,0.20786929524287773,0.09405981617613246,-1.0499301609159,-0.9918354640092173,1.496307608595275,-0.4806953804333623,-0.8023919926252777,-1.0191238071903403,-0.407259461331631,1.1405290776696129,-0.5703128910121555,0.8896100045836343,-0.7695253980277388,1.0779127382330989,-0.775611539051775,0.5512327871929319,1.007951567204329,-0.9485753985353942,-0.7667628757959214,0.4816113485754141,-0.49964852258908193,-0.478910091850172,-0.07462306296951558,0.7612527553453509,-0.20412414523193148,0.5139523354012258,0.6886801593550922,0.8473689484518921,0.12237668110110703,-0.2944409705025282,0.5253993722159818,-0.4128512616753106,0.47891009185017197,0.2041241452319315,-0.2427561508124627,-0.9285718231245819,0.8817465777465084,-0.4380723332857396,-0.0891823368967515,0.3977854950889976,0.8919884491654843,0.687158980908444,-0.5579962477726845,-0.8829267877982647,-0.04965030589038294,-0.36778625329236275,-0.2614881801423402,0.9190900761806886,0.8381465876149728,0.7771459959274469,-0.3530315402677953,0.3990506970573224,0.29444097050252827,0.5563090749676323,-0.7629220433557554,0.03745514008320517,-0.5273078275404066,0.04456599774011814,-0.711603480925581,0.2074235037687032,-0.3838821044398133,-1.8330049507986979,-0.8898558142079599,-1.0443815958247176,0.14440504314616048
2.0899773501780086,1.7322722876957999,-0.23308485626737335,-1.6601112586802182,1.039728274060263,-0.72526792571686,2.2378173219693114,-1.1461284067120316,1.7745428680624753,0.9974588488694651,0.5079383857472152,-2.133296325128343,0.6401261055077737,0.9424984923299354,0.17750896455411377,-1.3462241554098273,1.3679810157927499,0.15945049312712398,1.6355036865678652,0.5512263888024768,-1.3727102516687102,0.6374490218535417,-0.1813398855793389,-0.4105361061031873,0.48877797930198896,0.192476656304656,-0.4971690033225569,-0.03674567104852509,-1.0038384763169923,1.1242186635650702,-1.876627375576465,-0.10060548461344403,2.1227757776516945,-0.2386849831395498,-2.0558050460243034,1.0904737963240114,1.5796470478462172,-0.3302153164001385,1.3473878318456203,0.3483859079761883,1.7422935952524048,0.09575345078586797,1.5092445776706893,1.6194296108870014,0.5265486261479346,0.3688540931472802,1.5726532354820932,1.8692480900080128,-0.08018674343730851,-0.3676921823977796,-1.360945479622704,1.8703901807052286,0.8174149669077014,-1.3918699016392202,1.5988894596700247,-1.7261036836304675,0.4160933035514358,0.6444238570089712,0.6761214086491785,0.609168948117423,1.4655297514828343,-0.6495215642673743,0.2527782150542825,1.276424642109732,-1.299643978867333,1.3785073518033664,0.16410277324817746,-0.2555786400806033,0.7765149017978935,0.828015299155571,-1.1741185725920722,-1.387472865270341,0.539712163046838,0.2616033603824689,0.39121635163034935,-0.5781219463946794,-1.1337384729843933,-1.4412553694166717,1.5942597203424134,-0.9203764597141062,0.9559652540844163,-2.107875110761463,0.8298473098163384,-1.678108777626794,-0.24931683037180669,0.4165713653097962,-1.9891504582426323,-0.7667628757959214,-0.0034352273158975745,-0.49964852258908193,-0.478910091850172,-0.07462306296951558,0.7612527553453509,-0.20412414523193148,1.9608003650863943,0.0321634162099583,-0.1564463183992736,0.12237668110110703,-0.2944409705025282,1.2521172880641658,-0.4128512616753106,0.47891009185017197,0.2041241452319315,0.2890240179843158,-1.0570006163810095,0.3080835857633902,-1.1449721755989497,0.6746021396546487,0.9134917903906992,1.483934713422057,2.0909668825651897,0.5629737469138746,-0.5071661832343394,0.4092449104660271,-0.36778625329236275,-0.2614881801423402,1.774447820052966,1.840749850942961,2.186766944297269,-0.3530315402677953,0.3990506970573224,0.29444097050252827,1.3080779405161655,-0.7629220433557554,-0.17346556581568437,-1.2669037732951487,2.0333089027734377,-0.711603480925581,1.1128223500015175,-1.9747831968853091,0.5291148315967185,-0.8898558142079599,-1.0443815958247176,0.863978959522303
0.19766046925649583,-0.08647371110272385,-0.7700047451309165,-0.937992671322948,-1.211248628832546,-1.4215610196585737,-0.4767129858569347,-1.0065711310293814,-1.3880447391278847,0.5752927919747697,-0.1912502704533885,0.750279676662816,1.9823679955842337,0.7775225344863665,0.9203887050963477,-0.019631475890751107,0.3193280827080551,0.15945049312712398,1.143569606845573,0.9842605690605433,0.7381155849003603,-0.11745526718069776,-0.1813398855793389,-0.4105361061031873,0.9521353169643204,-0.11351109902356855,-0.6151734943039778,-0.03674567104852509,1.1471175841176706,1.201402969863212,-0.6804264760337501,1.245898528143671,0.015976864789705527,-0.2386849831395498,-0.29661978623397106,0.8768451283685902,-0.28504410900904886,-0.3302153164001385,0.3603894529075271,0.3483859079761883,0.27256139894995807,0.09575345078586797,0.13358619011606154,-0.3454497825669503,-0.009163711049258545,-0.4528137155873825,-0.699974228573701,0.6707483354731992,1.1987708733081759,-0.682324976937635,1.9918668067126513,1.1048450020869403,0.36083067276770464,-1.9596393470332802,0.4926660063113675,2.7711826587565165,-0.313379051538497,1.4107526032873043,1.3979031622458846,1.1747527156004902,0.9804382066201653,3.5407944481385614,2.851802225480125,1.3627434477472307,-1.2882877745728145,1.509547996305748,-1.0604747111071264,2.6714413082469672,1.7908339063218233,1.14080836843787,0.030769143405913642,-0.35205231804318665,-1.5537019221375363,1.304854957960294,-0.623822907615796,1.1115181925271158,1.138936483829765,-1.9030182661105146,0.3623487578432196,1.5998096207169978,1.5639579859174864,1.540746150867052,-1.0214450650583995,2.178771697097647,-0.5173347994320658,1.7609385517792033,-0.5499328621743484,-0.7667628757959214,1.7099829420623227,-0.49964852258908193,-0.478910091850172,-0.07462306296951558,0.7612527553453509,-0.20412414523193148,-0.12840300362412868,1.1297877509159961,2.2635610850968884,-0.6058654048138881,-0.2944409705025282,0.5110292433267939,-0.4128512616753106,0.47891009185017197,0.2041241452319315,-1.1725715360919504,-0.779533183327038,0.8906511059442495,0.1997290843167025,-0.7007608513185072,-0.6730314315619784,-0.01795881075147205,-0.3311840673661493,-0.8399506222887579,-0.9528558278500606,-1.315145372177837,0.9249405948429041,-0.2614881801423402,0.4470211949075437,-0.1344881796812268,0.07233551962810439,3.720409310229363,0.3990506970573224,0.29444097050252827,1.475845569143144,-1.1470792010217365,-0.568941886212292,-0.650573812952561,-2.441362638026204,-0.711603480925581,-0.10769080035770415,-0.7816073763580115,-3.0140648455395858,-0.8898558142079599,-1.0443815958247176,-0.21538191612127158
0.19766046925649583,-0.08647371110272385,-0.1137693254088082,0.18094527304617566,0.609394454548693,0.4022318461014197,0.3905487450368181,0.11289461720720152,0.553110816138841,-0.20077881131748823,-0.03699169756697747,-0.5280987083447557,-0.36246781684537904,0.12529437820949801,-0.1816610692319025,-0.5995953758906977,0.48659173714906584,0.32234021920350686,0.12796357196469957,0.09770011385799678,-0.521893349095337,-1.113756408966763,-0.06916025374398184,0.9009203640638538,-0.3243323024957997,-0.6911150019417432,-0.22956468299545515,0.4117097097541887,-0.5832424986540418,0.24956016273391324,-0.09058034405440991,-0.0253664533242871,-0.5668367347458992,0.7839429966327142,-0.17474317083292543,-0.14536873336196887,-1.0212895554343977,0.17753637877508985,0.13453812303434443,-0.3497397889081054,-0.20670304494387728,-0.7233929572552628,-0.17334617480384235,-0.9443295576814239,-0.24894809067577586,-0.9163551581460717,0.48222337833587064,0.004350113284811609,-0.8265373274411348,0.45779880707132625,-0.5872306960586222,0.1261066294694774,-0.005330898757292971,0.3438029874460491,-0.04423230855782845,-0.7917409162656017,-0.36639885815341616,-0.23074734632421126,-0.09225009703795918,-1.0655037494811181,0.26146357454016245,-0.5194635394306895,-0.3893837689163097,-0.4605010250939552,0.4621000128431905,-0.19446283495117903,0.11067464901738977,-0.23827643712013416,-0.3663911593077263,-0.7750274403988063,0.22808141236901233,0.011486716877027623,0.07561711622215792,-0.9412441827417359,-0.360117056072835,-0.5511573979889588,-0.3794973101117043,0.02384342936695276,-0.2523965004961071,-0.19884007560447042,-0.30834231087169556,-0.4744834230539215,0.022492483384867378,-0.5589335675534711,-0.2929707316107204,-0.5610509146254264,0.26933784023786966,0.9462180170125407,-0.35830766809314885,-0.49964852258908193,2.346121348902529,-0.07462306296951558,-0.8998349282784801,-0.20412414523193148,0.12442379674336385,-0.09142674704429399,-0.24018920536621438,0.12237668110110703,-0.2944409705025282,-0.4043711111125911,-0.4128512616753106,-2.3461213489025288,0.2041241452319315,0.21468974705822125,0.22094102196018295,0.01598487427691911,0.17741865055191855,-0.13832253517772589,-0.44993064441093716,-0.3625339077690998,0.24483763694563251,0.7764823385426689,0.6128459813678793,-0.219682577029532,-0.36778625329236275,-0.2614881801423402,-0.09174739323464814,0.3368449544470736,0.07233551962810439,-0.3530315402677953,-0.8160640784923494,0.29444097050252827,-0.4055118547622087,0.38954942964218814,0.40177272443756495,0.4059918333490179,0.5417517225068904,0.2288855007679411,0.39645914830316425,-0.18501946609436262,0.5291148315967185,0.6287264208258422,0.45518804885551245,-0.21538191612127158
1.3330505978094038,1.0047738881763906,-0.42398970564107774,-1.1825904467287085,0.4889009848690591,-0.8677110437511559,1.0080096193341916,-1.3471520516087814,0.5386246062401258,1.1168647152268723,0.7048413398735552,-0.9658507587953297,1.0812477365947653,0.8018946487750727,0.3443571131700517,-1.0179186696823845,1.0589442670543199,0.15945049312712398,1.1247923476990485,0.5250787979269294,-0.5959306626285766,0.47607323994379047,-0.1813398855793389,-0.4105361061031873,0.5890620383940556,0.13924546282979758,-0.5314197399368225,-0.03674567104852509,-0.33170974160873684,0.8607109393283503,-1.2661042272015115,0.3850901683219074,1.3828217125072808,-0.2386849831395498,-1.293360942962838,1.0821947323149275,0.920794298545298,-0.3302153164001385,1.0836097863937013,0.3483859079761883,1.3143604639777016,0.09575345078586797,1.015849327992905,0.8834071837717947,0.36659492355021156,0.07395749081586478,1.0169908669209233,1.1319258419297058,-0.07900310824462214,0.033878730406406245,-1.2154281507194293,0.9525927891291088,-0.01553890716648111,-0.7841324222596574,1.0605401228883127,-0.7705317620631545,0.017075799227437728,0.6773523514279605,0.9711626584519071,1.1532830505626337,0.549878717084179,0.12650163961228605,0.8286699652976922,0.583116789892929,-0.6612658668138401,1.3016918917834355,-0.7281524878235641,0.5771661320917381,1.0693017680504493,0.4559276964358668,-0.41321153857024223,-1.1849472424551513,-0.3792164141057235,1.0024259100509754,-0.13193068813102082,-0.7126839742676004,-1.0649696734391934,-0.8208578239452494,1.3220213344664906,-0.7103383182828958,0.9161521043441342,-1.3048652823182183,0.9786865670152249,-1.1366104339402838,0.231012940647363,0.7713994868013458,-1.3648054217939443,-0.7667628757959214,0.28759271850991747,-0.49964852258908193,-0.478910091850172,-0.07462306296951558,0.7612527553453509,-0.20412414523193148,1.0926915464071851,0.4260734624909459,0.4458428423137165,0.12237668110110703,-0.2944409705025282,0.8160865381192245,-0.4128512616753106,0.47891009185017197,0.2041241452319315,-0.030044083612811044,-0.979943340350097,0.6522813812974573,-0.7208322697868845,0.21633145326553818,0.6040680129002551,1.1287669545129457,1.248682140728859,-0.10960825057064333,-0.7326225461981506,0.13390778037684387,-0.36778625329236275,-0.2614881801423402,1.2612331732163853,1.2391878923446062,1.3409943744296036,-0.3530315402677953,0.3990506970573224,0.29444097050252827,0.8570166207359843,-0.7629220433557554,-0.046913142149798324,-0.8231462053985458,0.8400631585602002,-0.711603480925581,0.5695830417185895,-1.020242540463471,-0.8881570392578029,-0.8898558142079599,-1.0443815958247176,0.4322346092648732
1.1438189097172524,0.822899288296538,-0.501544800699145,-1.299051965001583,-0.0857601773861415,-1.0734144726877168,0.8805521680561853,-1.0763497688707098,0.19324906446729626,0.786375820422138,0.15834405764691334,-0.6915083242327574,1.3112470505460094,0.8600105134081508,0.5489488348252308,-0.6829278156502898,0.8436545492504024,0.15945049312712398,1.389536646706719,0.7677434789315102,-0.31729733338417493,0.25999687733642196,-0.1813398855793389,-0.4105361061031873,0.7204566481331549,0.03948277864054376,-0.5561712488132674,-0.03674567104852509,0.0716395539003388,1.1628108167141409,-1.2785269258051075,0.5726465217651135,1.0693763212207,-0.2386849831395498,-1.176212416129137,0.9836594623463008,0.6473014694185844,-0.3302153164001385,0.8538886423765737,0.3483859079761883,1.0074274971011814,0.09575345078586797,0.8214153838933755,0.6369899141600256,0.258692457549338,-0.041979811220051136,0.4363395034541956,1.2699982127406275,0.5592920649354339,-0.5250085796677689,0.3154606635449737,1.4876175913960843,0.5891228198377035,-1.6757546243362507,1.0457777329906959,0.5225394875630248,0.05135712600646964,1.0275882301481376,1.0370122854475314,0.8919608318589509,1.2229839790515,1.4456364419355936,1.5522902202672033,1.3195840449284812,-1.2939658767200737,1.4440276740545572,-0.44818596892947443,1.207931334083182,1.2836744040598589,0.9844118337967208,-0.5716747145930792,-0.8697625916567637,-0.50699487954535,0.7832291591713813,-0.1163032779927233,0.2666981230662177,0.0025990054226867755,-1.6721368177635936,0.9783042390928165,0.3397165805014459,1.2599616200009498,-0.2835644799472031,-0.09579887762103062,0.2503314597354286,-0.38332581490194173,1.088754958544498,-1.2695416602084906,-0.7667628757959214,0.8532738573732128,-0.49964852258908193,-0.478910091850172,-0.07462306296951558,0.7612527553453509,-0.20412414523193148,0.9161986807311332,0.5809755835629794,1.0535573833488074,-0.24174436185639053,-0.2944409705025282,0.8815732656954799,-0.4128512616753106,0.47891009185017197,0.2041241452319315,-0.44177375905381916,-0.9182668998540238,0.5993673458538183,-0.4726215456411236,-0.013079355831929259,0.12023017941436034,0.7329879513352925,0.8798914075995201,-0.13848843768744168,-0.7300110055422006,-0.45295023085590436,0.27857717077527067,-0.2614881801423402,1.1107345074802553,0.8531308356308673,1.1295512319626868,1.683688884980784,0.3990506970573224,0.29444097050252827,1.3919617548296548,-0.9550006221887459,-0.3712037260139885,-0.9587387931238589,-0.20402686762638325,-0.711603480925581,0.5025657748219067,-1.3781952866216602,-1.2424750069714336,-0.8898558142079599,-1.0443815958247176,0.3242985217005157
